rsq,unique_id
0.904241087480021,16_1
0.755748530592261,16_2
0.812459871153229,16_3
0.839441877636405,16_4
0.929214877870606,16_5
0.645267780375214,25_1
0.582600845474716,25_2
0.415610069058713,25_3
0.795795999552314,25_4
0.728894071704406,25_5
0.956617529585232,5_1
0.940963801694671,5_2
0.950035681772045,5_3
0.936281256862221,5_4
0.96326624395229,5_5
0.984501493517836,8_1
0.916812032505935,8_2
0.898674898602153,8_3
0.942846672930714,8_4
0.958759788300785,8_5
